priority_score,id,name,price,current_category,current_description,new_category,new_description,new_scientific,new_features,new_light,new_water,new_soil,new_fertilizer,new_pruning,new_height,new_width,notes,status
6 (HIGH),4,Bush 1gallon,4.99,,,,,,,,,,,,,,,PENDING
6 (HIGH),5,Bush 5gallon,19.99,,,,,,,,,,,,,,,PENDING
6 (HIGH),6,Giant Bird Of Paradise 5 Gallon,19.99,,,,,,,,,,,,,,,PENDING
6 (HIGH),7,"Pygmy Palm 14""",59.99,,,,,,,,,,,,,,,PENDING
6 (HIGH),8,"Pygmy Palm 17""",175.0,,,,,,,,,,,,,,,PENDING
6 (HIGH),9,Queen Palms 25,89.99,,,,,,,,,,,,,,,PENDING
6 (HIGH),10,Shade Tree 15 Gallon,19.99,,,,,,,,,,,,,,,PENDING
6 (HIGH),11,Ground Cover,19.99,,,,,,,,,,,,,,,PENDING
6 (HIGH),12,Fruit,299.99,,,,,,,,,,,,,,,PENDING
6 (HIGH),13,Fruit Tree,25.99,,,,,,,,,,,,,,,PENDING
6 (HIGH),14,Crown of Thorn,29.99,,,,,,,,,,,,,,,PENDING
6 (HIGH),15,Ficus,19.99,,,,,,,,,,,,,,,PENDING
6 (HIGH),16,Ground Cover,15.99,,,,,,,,,,,,,,,PENDING
6 (HIGH),17,15 Gal Empty,19.99,,,,,,,,,,,,,,,PENDING
6 (HIGH),18,15 Gal Empty,19.99,,,,,,,,,,,,,,,PENDING
6 (HIGH),19,"36"" Box Shade",499.99,,,,,,,,,,,,,,,PENDING
6 (HIGH),20,Citrus,350.0,,,,,,,,,,,,,,,PENDING
6 (HIGH),21,Abelia Kaleidoscope,4.99,,,,,,,,,,,,,,,PENDING
6 (HIGH),22,Agapanthus Varigated,5.99,,,,,,,,,,,,,,,PENDING
6 (HIGH),23,Agapantus,4.99,,,,,,,,,,,,,,,PENDING
6 (HIGH),24,Agava,79.99,,,,,,,,,,,,,,,PENDING
6 (HIGH),25,Agava,19.99,,,,,,,,,,,,,,,PENDING
6 (HIGH),26,Agava Blue Flame,29.99,,,,,,,,,,,,,,,PENDING
6 (HIGH),27,Agava Wber Arizonia Star,79.99,,,,,,,,,,,,,,,PENDING
6 (HIGH),28,Agave,24.99,,,,,,,,,,,,,,,PENDING
6 (HIGH),29,Agave Americana,4.99,,,,,,,,,,,,,,,PENDING
6 (HIGH),30,Agave Parryi,29.99,,,,,,,,,,,,,,,PENDING
6 (HIGH),31,Agave Variegata,4.99,,,,,,,,,,,,,,,PENDING
6 (HIGH),32,Aleppo Pine,49.99,,,,,,,,,,,,,,,PENDING
6 (HIGH),33,Aloe,4.99,,,,,,,,,,,,,,,PENDING
6 (HIGH),34,Aloe,19.99,,,,,,,,,,,,,,,PENDING
6 (HIGH),35,Alovera,19.99,,,,,,,,,,,,,,,PENDING
6 (HIGH),36,Angel Trumpet,19.99,,,,,,,,,,,,,,,PENDING
6 (HIGH),37,Anonium,5.99,,,,,,,,,,,,,,,PENDING
6 (HIGH),38,Apple,59.99,,,,,,,,,,,,,,,PENDING
6 (HIGH),39,Apricot,59.99,,,,,,,,,,,,,,,PENDING
6 (HIGH),40,Artichoke Agave,29.99,,,,,,,,,,,,,,,PENDING
6 (HIGH),41,Asian Pear,69.99,,,,,,,,,,,,,,,PENDING
6 (HIGH),42,Australian Tree Fern,19.99,,,,,,,,,,,,,,,PENDING
6 (HIGH),43,Bacopa,4.99,,,,,,,,,,,,,,,PENDING
6 (HIGH),44,Bamboo,49.99,,,,,,,,,,,,,,,PENDING
6 (HIGH),45,Bird of Pardise,225.0,,,,,,,,,,,,,,,PENDING
6 (HIGH),46,Blue Fescue,4.99,,,,,,,,,,,,,,,PENDING
6 (HIGH),47,Blue Hibiscus,5.99,,,,,,,,,,,,,,,PENDING
6 (HIGH),48,Blue Juniper,4.99,,,,,,,,,,,,,,,PENDING
6 (HIGH),49,Bottle Brush,4.99,,,,,,,,,,,,,,,PENDING
6 (HIGH),50,Bougainvillea Bush,4.99,,,,,,,,,,,,,,,PENDING
6 (HIGH),51,Bougainvillea Staked,4.99,,,,,,,,,,,,,,,PENDING
6 (HIGH),52,Bouigainvellea Staked,69.99,,,,,,,,,,,,,,,PENDING
6 (HIGH),53,Bower vine,4.99,,,,,,,,,,,,,,,PENDING
6 (HIGH),54,Boxwood,4.99,,,,,,,,,,,,,,,PENDING
6 (HIGH),55,Boxwood,49.99,,,,,,,,,,,,,,,PENDING
6 (HIGH),56,Boxwood,4.99,,,,,,,,,,,,,,,PENDING
6 (HIGH),57,Bush,5.99,,,,,,,,,,,,,,,PENDING
6 (HIGH),58,Bush,4.99,,,,,,,,,,,,,,,PENDING
6 (HIGH),59,Bush,4.99,,,,,,,,,,,,,,,PENDING
6 (HIGH),60,Bush,6.99,,,,,,,,,,,,,,,PENDING
6 (HIGH),61,Bush,7.99,,,,,,,,,,,,,,,PENDING
6 (HIGH),62,Bush,29.99,,,,,,,,,,,,,,,PENDING
6 (HIGH),63,Bush,25.99,,,,,,,,,,,,,,,PENDING
6 (HIGH),64,Butterfly Bush,6.99,,,,,,,,,,,,,,,PENDING
6 (HIGH),65,Cactus,79.99,,,,,,,,,,,,,,,PENDING
6 (HIGH),66,Cactus,69.99,,,,,,,,,,,,,,,PENDING
6 (HIGH),67,Cactus,19.99,,,,,,,,,,,,,,,PENDING
6 (HIGH),68,California Buckwheat,5.99,,,,,,,,,,,,,,,PENDING
6 (HIGH),69,California Fan Palm,59.99,,,,,,,,,,,,,,,PENDING
6 (HIGH),70,California Lilac,4.99,,,,,,,,,,,,,,,PENDING
6 (HIGH),71,California Pepper,4.99,,,,,,,,,,,,,,,PENDING
6 (HIGH),72,California Pepper,49.99,,,,,,,,,,,,,,,PENDING
6 (HIGH),73,Camelia,79.99,,,,,,,,,,,,,,,PENDING
6 (HIGH),74,Camelia Espalier,99.99,,,,,,,,,,,,,,,PENDING
6 (HIGH),75,Camellia,19.99,,,,,,,,,,,,,,,PENDING
6 (HIGH),76,Camphore Tree,49.99,,,,,,,,,,,,,,,PENDING
6 (HIGH),77,Camphore Tree,175.0,,,,,,,,,,,,,,,PENDING
6 (HIGH),78,Canary palm,150.0,,,,,,,,,,,,,,,PENDING
6 (HIGH),79,Cape Honeysuckle,4.99,,,,,,,,,,,,,,,PENDING
6 (HIGH),80,Carex,4.99,,,,,,,,,,,,,,,PENDING
6 (HIGH),81,Carolina Cherry,19.99,,,,,,,,,,,,,,,PENDING
6 (HIGH),82,Carrisa,4.99,,,,,,,,,,,,,,,PENDING
6 (HIGH),83,Catalina Cherry,79.99,,,,,,,,,,,,,,,PENDING
6 (HIGH),84,Chalk stick,4.99,,,,,,,,,,,,,,,PENDING
6 (HIGH),85,Christmas Tree,89.99,,,,,,,,,,,,,,,PENDING
6 (HIGH),86,Cigar Plant,29.99,,,,,,,,,,,,,,,PENDING
6 (HIGH),87,Citrus,450.0,,,,,,,,,,,,,,,PENDING
6 (HIGH),88,Clivia,19.99,,,,,,,,,,,,,,,PENDING
6 (HIGH),89,Color Guard Yucca,19.99,,,,,,,,,,,,,,,PENDING
6 (HIGH),90,Common Rush,4.99,,,,,,,,,,,,,,,PENDING
6 (HIGH),91,Comprazma,4.99,,,,,,,,,,,,,,,PENDING
6 (HIGH),92,Comprazma,19.99,,,,,,,,,,,,,,,PENDING
6 (HIGH),93,Cordyline,4.99,,,,,,,,,,,,,,,PENDING
6 (HIGH),94,Cotoneaste,4.99,,,,,,,,,,,,,,,PENDING
6 (HIGH),95,Cotoneaster,49.99,,,,,,,,,,,,,,,PENDING
6 (HIGH),96,Crape Myrtle,49.99,,,,,,,,,,,,,,,PENDING
6 (HIGH),97,Cottonwood,19.99,,,,,,,,,,,,,,,PENDING
6 (HIGH),98,Crape Myrtle,19.99,,,,,,,,,,,,,,,PENDING
6 (HIGH),99,Crape Myrtle Dark Red Multi,69.99,,,,,,,,,,,,,,,PENDING
6 (HIGH),100,Crape Myrtle Dark Red Standard,79.99,,,,,,,,,,,,,,,PENDING
6 (HIGH),101,Crape Myrtle Watermelon,49.99,,,,,,,,,,,,,,,PENDING
6 (HIGH),102,Crape Myrtle Standard,79.99,,,,,,,,,,,,,,,PENDING
6 (HIGH),103,Creeping Fig,4.99,,,,,,,,,,,,,,,PENDING
6 (HIGH),104,Crown of Thorn,4.99,,,,,,,,,,,,,,,PENDING
6 (HIGH),105,Cuffia,4.99,,,,,,,,,,,,,,,PENDING
6 (HIGH),106,cypress,19.99,,,,,,,,,,,,,,,PENDING
6 (HIGH),107,Date Palm,29.99,,,,,,,,,,,,,,,PENDING
6 (HIGH),108,Daylily,4.99,,,,,,,,,,,,,,,PENDING
6 (HIGH),109,Deer Grass,4.99,,,,,,,,,,,,,,,PENDING
6 (HIGH),110,Desert Globemallow,4.99,,,,,,,,,,,,,,,PENDING
6 (HIGH),111,Desert Willow,150.0,,,,,,,,,,,,,,,PENDING
6 (HIGH),112,Dianella Verg,4.99,,,,,,,,,,,,,,,PENDING
6 (HIGH),113,"Dianells Caerulea ""Cassa Blue""",4.99,,,,,,,,,,,,,,,PENDING
6 (HIGH),114,Dragon Fruit,39.99,,,,,,,,,,,,,,,PENDING
6 (HIGH),115,Dwarf Coyote Brush,4.99,,,,,,,,,,,,,,,PENDING
6 (HIGH),116,Dwarf Fruitless Olive,15.99,,,,,,,,,,,,,,,PENDING
6 (HIGH),117,Dwarf Philodendrium,15.99,,,,,,,,,,,,,,,PENDING
6 (HIGH),118,Dwarf Wheeler,15.99,,,,,,,,,,,,,,,PENDING
6 (HIGH),119,Dwf Nandina,15.99,,,,,,,,,,,,,,,PENDING
6 (HIGH),120,Dymondia,19.99,,,,,,,,,,,,,,,PENDING
6 (HIGH),121,Echiverium,15.99,,,,,,,,,,,,,,,PENDING
6 (HIGH),122,ED payment,464.04,,,,,,,,,,,,,,,PENDING
6 (HIGH),123,elephant ear,19.99,,,,,,,,,,,,,,,PENDING
6 (HIGH),124,"Empty 36""",49.99,,,,,,,,,,,,,,,PENDING
6 (HIGH),125,"Empty 48""",150.0,,,,,,,,,,,,,,,PENDING
6 (HIGH),126,Empty Quart,0.1,,,,,,,,,,,,,,,PENDING
6 (HIGH),127,Escalonia,4.99,,,,,,,,,,,,,,,PENDING
6 (HIGH),128,Eureka Lemon,99.99,,,,,,,,,,,,,,,PENDING
6 (HIGH),129,Ficus,69.99,,,,,,,,,,,,,,,PENDING
6 (HIGH),130,Ficus,150.0,,,,,,,,,,,,,,,PENDING
6 (HIGH),131,Ficus,19.99,,,,,,,,,,,,,,,PENDING
6 (HIGH),132,Fig,59.99,,,,,,,,,,,,,,,PENDING
6 (HIGH),133,Fig,29.99,,,,,,,,,,,,,,,PENDING
6 (HIGH),134,Fire Sticks,2.99,,,,,,,,,,,,,,,PENDING
6 (HIGH),135,Flax,49.99,,,,,,,,,,,,,,,PENDING
6 (HIGH),136,Flax Lily,19.99,,,,,,,,,,,,,,,PENDING
6 (HIGH),137,Flax Rainbow,19.99,,,,,,,,,,,,,,,PENDING
6 (HIGH),138,Forest Pansy,175.0,,,,,,,,,,,,,,,PENDING
6 (HIGH),139,Forset Pansy Redbud,69.99,,,,,,,,,,,,,,,PENDING
6 (HIGH),140,Fountain Grass,4.99,,,,,,,,,,,,,,,PENDING
6 (HIGH),141,Foxtail Agave,19.99,,,,,,,,,,,,,,,PENDING
6 (HIGH),142,Fruit,350.0,,,,,,,,,,,,,,,PENDING
6 (HIGH),143,Fruit Tree,89.99,,,,,,,,,,,,,,,PENDING
6 (HIGH),144,Fruit Tree,79.99,,,,,,,,,,,,,,,PENDING
6 (HIGH),145,Fruit Tree,49.99,,,,,,,,,,,,,,,PENDING
6 (HIGH),146,Fruit Tree,29.99,,,,,,,,,,,,,,,PENDING
6 (HIGH),147,Fruit Tree,19.99,,,,,,,,,,,,,,,PENDING
6 (HIGH),148,Fruit Tree,59.99,,,,,,,,,,,,,,,PENDING
6 (HIGH),149,Fruit Tree,69.99,,,,,,,,,,,,,,,PENDING
6 (HIGH),150,Fruit Tree 15gallon,59.99,,,,,,,,,,,,,,,PENDING
6 (HIGH),151,Fruiting Olive,150.0,,,,,,,,,,,,,,,PENDING
6 (HIGH),152,Fruitless Mulberry,150.0,,,,,,,,,,,,,,,PENDING
6 (HIGH),153,Fruitless Olive,49.99,,,,,,,,,,,,,,,PENDING
6 (HIGH),154,Gardenia,19.99,,,,,,,,,,,,,,,PENDING
6 (HIGH),155,Gardenia Patio Tree,69.99,,,,,,,,,,,,,,,PENDING
6 (HIGH),156,Geranium,4.99,,,,,,,,,,,,,,,PENDING
6 (HIGH),157,Germander,4.99,,,,,,,,,,,,,,,PENDING
6 (HIGH),158,Giant Bird of Paradise,49.99,,,,,,,,,,,,,,,PENDING
6 (HIGH),159,Giant Bird of Paradise,19.99,,,,,,,,,,,,,,,PENDING
6 (HIGH),160,Ginko,69.99,,,,,,,,,,,,,,,PENDING
6 (HIGH),161,Goji Berry,49.99,,,,,,,,,,,,,,,PENDING
6 (HIGH),162,Golden Euonymus,4.99,,,,,,,,,,,,,,,PENDING
6 (HIGH),163,Grape,19.99,,,,,,,,,,,,,,,PENDING
6 (HIGH),164,Grapefruit,99.99,,,,,,,,,,,,,,,PENDING
6 (HIGH),165,Grapefruit,39.99,,,,,,,,,,,,,,,PENDING
6 (HIGH),166,Grapes,19.99,,,,,,,,,,,,,,,PENDING
6 (HIGH),167,Green Glow Agava,29.99,,,,,,,,,,,,,,,PENDING
6 (HIGH),168,Grevillea Noellii,15.99,,,,,,,,,,,,,,,PENDING
6 (HIGH),169,Grewia Occidentails,15.99,,,,,,,,,,,,,,,PENDING
6 (HIGH),170,Grievillia,49.99,,,,,,,,,,,,,,,PENDING
6 (HIGH),171,Ground Cover,12.99,,,,,,,,,,,,,,,PENDING
6 (HIGH),172,Ground Cover Rose,4.99,,,,,,,,,,,,,,,PENDING
6 (HIGH),173,Guava,89.99,,,,,,,,,,,,,,,PENDING
6 (HIGH),174,Halls Honeysuckle,4.99,,,,,,,,,,,,,,,PENDING
6 (HIGH),175,Heavenly Bamboo,4.99,,,,,,,,,,,,,,,PENDING
6 (HIGH),176,Hibiscus,4.99,,,,,,,,,,,,,,,PENDING
6 (HIGH),177,Hong Kong Orchid,59.99,,,,,,,,,,,,,,,PENDING
6 (HIGH),178,Hopseed,4.99,,,,,,,,,,,,,,,PENDING
6 (HIGH),179,Hopseed,49.99,,,,,,,,,,,,,,,PENDING
6 (HIGH),180,Hopseed Bush,79.99,,,,,,,,,,,,,,,PENDING
6 (HIGH),181,Horses Tail,4.99,,,,,,,,,,,,,,,PENDING
6 (HIGH),182,Horses Tail,4.99,,,,,,,,,,,,,,,PENDING
6 (HIGH),183,Hydrangea,4.99,,,,,,,,,,,,,,,PENDING
6 (HIGH),184,Hydrangea,19.99,,,,,,,,,,,,,,,PENDING
6 (HIGH),185,Ice Cream  Bean,39.99,,,,,,,,,,,,,,,PENDING
6 (HIGH),186,Italian Cypress,49.99,,,,,,,,,,,,,,,PENDING
6 (HIGH),187,Italian Cypress,19.99,,,,,,,,,,,,,,,PENDING
6 (HIGH),188,Italian Cyprus,4.99,,,,,,,,,,,,,,,PENDING
6 (HIGH),189,Italian Cyprus,89.99,,,,,,,,,,,,,,,PENDING
6 (HIGH),190,Ivy Geranium,4.99,,,,,,,,,,,,,,,PENDING
6 (HIGH),191,Ixora,19.99,,,,,,,,,,,,,,,PENDING
6 (HIGH),192,Jacaranda,49.99,,,,,,,,,,,,,,,PENDING
6 (HIGH),193,Jacoranda,150.0,,,,,,,,,,,,,,,PENDING
6 (HIGH),194,Jerusalum Sage,5.99,,,,,,,,,,,,,,,PENDING
6 (HIGH),195,JuJubee,79.99,,,,,,,,,,,,,,,PENDING
6 (HIGH),196,Jumbo Queens,69.99,,,,,,,,,,,,,,,PENDING
6 (HIGH),197,Jumbo Sago Palm,299.99,,,,,,,,,,,,,,,PENDING
6 (HIGH),198,Juniper,4.99,,,,,,,,,,,,,,,PENDING
6 (HIGH),199,Kangaroo Paw,6.99,,,,,,,,,,,,,,,PENDING
6 (HIGH),200,King Palm,49.99,,,,,,,,,,,,,,,PENDING
6 (HIGH),201,King Palm,175.0,,,,,,,,,,,,,,,PENDING
6 (HIGH),202,Lambs Ear,4.99,,,,,,,,,,,,,,,PENDING
6 (HIGH),203,Lantana,4.99,,,,,,,,,,,,,,,PENDING
6 (HIGH),204,Lantana Tree,49.99,,,,,,,,,,,,,,,PENDING
6 (HIGH),205,Lavender,4.99,,,,,,,,,,,,,,,PENDING
6 (HIGH),206,Lemon,99.99,,,,,,,,,,,,,,,PENDING
6 (HIGH),207,Lemon Grass,6.99,,,,,,,,,,,,,,,PENDING
6 (HIGH),208,Leyland Cypress,79.99,,,,,,,,,,,,,,,PENDING
6 (HIGH),209,Leyland Cypress,24.99,,,,,,,,,,,,,,,PENDING
6 (HIGH),210,Lilac Bush,25.99,,,,,,,,,,,,,,,PENDING
6 (HIGH),211,Lily Turf,4.99,,,,,,,,,,,,,,,PENDING
6 (HIGH),212,Lime,99.99,,,,,,,,,,,,,,,PENDING
6 (HIGH),213,Lime,39.99,,,,,,,,,,,,,,,PENDING
6 (HIGH),214,Liner Roses,3.5,,,,,,,,,,,,,,,PENDING
6 (HIGH),215,Lion Tails,19.99,,,,,,,,,,,,,,,PENDING
6 (HIGH),216,Liriops,4.99,,,,,,,,,,,,,,,PENDING
6 (HIGH),217,Little Gem,89.99,,,,,,,,,,,,,,,PENDING
6 (HIGH),218,Little John,4.99,,,,,,,,,,,,,,,PENDING
6 (HIGH),219,Little Ollie,49.99,,,,,,,,,,,,,,,PENDING
6 (HIGH),220,Little Rev,5.99,,,,,,,,,,,,,,,PENDING
6 (HIGH),221,Lodge Pole,11.99,,,,,,,,,,,,,,,PENDING
6 (HIGH),222,Lodge Pole,7.99,,,,,,,,,,,,,,,PENDING
6 (HIGH),223,Lodge Pole,4.99,,,,,,,,,,,,,,,PENDING
6 (HIGH),224,Lomandrea Breeze,4.99,,,,,,,,,,,,,,,PENDING
6 (HIGH),225,Loquat,89.99,,,,,,,,,,,,,,,PENDING
6 (HIGH),226,Loquat,39.99,,,,,,,,,,,,,,,PENDING
6 (HIGH),227,Loquat,19.99,,,,,,,,,,,,,,,PENDING
6 (HIGH),228,Lorapetulm,29.99,,,,,,,,,,,,,,,PENDING
6 (HIGH),229,Lowquat,299.99,,,,,,,,,,,,,,,PENDING
6 (HIGH),230,Macadamia Nut,89.99,,,,,,,,,,,,,,,PENDING
6 (HIGH),231,Macadamian Nut,49.99,,,,,,,,,,,,,,,PENDING
6 (HIGH),232,Macadamian Nut,39.99,,,,,,,,,,,,,,,PENDING
6 (HIGH),233,Magnolia Little Gem,150.0,,,,,,,,,,,,,,,PENDING
6 (HIGH),234,Mandevilla,15.99,,,,,,,,,,,,,,,PENDING
6 (HIGH),235,Mango,89.99,,,,,,,,,,,,,,,PENDING
6 (HIGH),236,Mango,49.99,,,,,,,,,,,,,,,PENDING
6 (HIGH),237,Manzanita,19.99,,,,,,,,,,,,,,,PENDING
6 (HIGH),238,Margarete Daisey,4.99,,,,,,,,,,,,,,,PENDING
6 (HIGH),239,Masquite,59.99,,,,,,,,,,,,,,,PENDING
6 (HIGH),240,Matilia Poppy,25.99,,,,,,,,,,,,,,,PENDING
6 (HIGH),241,Medditeranean Fan Palm,150.0,,,,,,,,,,,,,,,PENDING
6 (HIGH),242,Medditeranean Fan Palm,100.0,,,,,,,,,,,,,,,PENDING
6 (HIGH),243,Mesquite,49.99,,,,,,,,,,,,,,,PENDING
6 (HIGH),244,Mexican Bird of Paradise,19.99,,,,,,,,,,,,,,,PENDING
6 (HIGH),245,Mexican Feather Grass,4.99,,,,,,,,,,,,,,,PENDING
6 (HIGH),246,Mexican Grass Palm,79.99,,,,,,,,,,,,,,,PENDING
6 (HIGH),247,Mexican Grass Palm,29.99,,,,,,,,,,,,,,,PENDING
6 (HIGH),248,Mexican Lime,39.99,,,,,,,,,,,,,,,PENDING
6 (HIGH),249,Mexican Marigold,6.99,,,,,,,,,,,,,,,PENDING
6 (HIGH),250,Mexican Sage,4.99,,,,,,,,,,,,,,,PENDING
6 (HIGH),251,Meyer Lemon,99.99,,,,,,,,,,,,,,,PENDING
6 (HIGH),252,Milk Weed,15.99,,,,,,,,,,,,,,,PENDING
6 (HIGH),253,Miniature ivy,19.99,,,,,,,,,,,,,,,PENDING
6 (HIGH),254,Morning Glory Stk.,19.99,,,,,,,,,,,,,,,PENDING
6 (HIGH),255,Morrea Iris,4.99,,,,,,,,,,,,,,,PENDING
6 (HIGH),256,Mulberry,39.99,,,,,,,,,,,,,,,PENDING
6 (HIGH),257,Mulberry Fruit,99.99,,,,,,,,,,,,,,,PENDING
6 (HIGH),258,Mulberry Fruitless,19.99,,,,,,,,,,,,,,,PENDING
6 (HIGH),259,Nandina Harbor Dwf,19.99,,,,,,,,,,,,,,,PENDING
6 (HIGH),260,Nandina Nana,4.99,,,,,,,,,,,,,,,PENDING
6 (HIGH),261,Native Daisey,5.99,,,,,,,,,,,,,,,PENDING
6 (HIGH),262,Nectarine,59.99,,,,,,,,,,,,,,,PENDING
6 (HIGH),263,Oak,175.0,,,,,,,,,,,,,,,PENDING
6 (HIGH),264,Oak Tree,80.0,,,,,,,,,,,,,,,PENDING
6 (HIGH),265,Oak Tree,19.99,,,,,,,,,,,,,,,PENDING
6 (HIGH),266,Ocotillo,89.99,,,,,,,,,,,,,,,PENDING
6 (HIGH),267,Octapuse Agave,24.99,,,,,,,,,,,,,,,PENDING
6 (HIGH),268,Oleander,4.99,,,,,,,,,,,,,,,PENDING
6 (HIGH),269,Olive Fruitless,49.99,,,,,,,,,,,,,,,PENDING
6 (HIGH),270,Olive Topiary,19.99,,,,,,,,,,,,,,,PENDING
6 (HIGH),271,Orange,99.99,,,,,,,,,,,,,,,PENDING
6 (HIGH),272,Orange,39.99,,,,,,,,,,,,,,,PENDING
6 (HIGH),273,Palo Verde,175.0,,,,,,,,,,,,,,,PENDING
6 (HIGH),274,Palo Verde,150.0,,,,,,,,,,,,,,,PENDING
6 (HIGH),275,Palos Verde,69.99,,,,,,,,,,,,,,,PENDING
6 (HIGH),276,Palos Verde,89.99,,,,,,,,,,,,,,,PENDING
6 (HIGH),277,Passion Fruit,49.99,,,,,,,,,,,,,,,PENDING
6 (HIGH),278,Peach,59.99,,,,,,,,,,,,,,,PENDING
6 (HIGH),279,Pear,59.99,,,,,,,,,,,,,,,PENDING
6 (HIGH),280,Penstemon Hoothill,5.99,,,,,,,,,,,,,,,PENDING
6 (HIGH),281,Periwinkle,18.0,,,,,,,,,,,,,,,PENDING
6 (HIGH),282,Persimmion,125.0,,,,,,,,,,,,,,,PENDING
6 (HIGH),283,Persimon,89.99,,,,,,,,,,,,,,,PENDING
6 (HIGH),284,Photenia,4.99,,,,,,,,,,,,,,,PENDING
6 (HIGH),285,Photenia,15.99,,,,,,,,,,,,,,,PENDING
6 (HIGH),286,Pindo Palm,69.99,,,,,,,,,,,,,,,PENDING
6 (HIGH),287,Pindo Palm,150.0,,,,,,,,,,,,,,,PENDING
6 (HIGH),288,Pineapple Guava,49.99,,,,,,,,,,,,,,,PENDING
6 (HIGH),289,Pink Dwarf Oleander,4.99,,,,,,,,,,,,,,,PENDING
6 (HIGH),290,Pink Jasmine,19.99,,,,,,,,,,,,,,,PENDING
6 (HIGH),291,Pink Mulley,4.99,,,,,,,,,,,,,,,PENDING
6 (HIGH),292,Pistachio,79.99,,,,,,,,,,,,,,,PENDING
6 (HIGH),293,Pittosporum,49.99,,,,,,,,,,,,,,,PENDING
6 (HIGH),294,Plum,59.99,,,,,,,,,,,,,,,PENDING
6 (HIGH),295,Plumbego,4.99,,,,,,,,,,,,,,,PENDING
6 (HIGH),296,Pluot,49.99,,,,,,,,,,,,,,,PENDING
6 (HIGH),297,Podocarpus,69.99,,,,,,,,,,,,,,,PENDING
6 (HIGH),298,Pomaris  Grass,5.99,,,,,,,,,,,,,,,PENDING
6 (HIGH),299,Pomegranate,59.99,,,,,,,,,,,,,,,PENDING
6 (HIGH),300,Pony Tail Palms,19.99,,,,,,,,,,,,,,,PENDING
6 (HIGH),301,Privet,4.99,,,,,,,,,,,,,,,PENDING
6 (HIGH),302,Privet,59.99,,,,,,,,,,,,,,,PENDING
6 (HIGH),303,Privet,39.99,,,,,,,,,,,,,,,PENDING
6 (HIGH),304,Procumbana Juniper,19.99,,,,,,,,,,,,,,,PENDING
6 (HIGH),305,Purple Heart,5.99,,,,,,,,,,,,,,,PENDING
6 (HIGH),306,Purple Leaf Plum,49.99,,,,,,,,,,,,,,,PENDING
6 (HIGH),307,Pygmy Palm,175.0,,,,,,,,,,,,,,,PENDING
6 (HIGH),308,Pyrocanthus,4.99,,,,,,,,,,,,,,,PENDING
6 (HIGH),309,Queen Palm,299.99,,,,,,,,,,,,,,,PENDING
6 (HIGH),310,Queen Palms,49.99,,,,,,,,,,,,,,,PENDING
6 (HIGH),311,Queen Palms,89.99,,,,,,,,,,,,,,,PENDING
6 (HIGH),312,Queen Palms,125.0,,,,,,,,,,,,,,,PENDING
6 (HIGH),313,Queen Palm,59.99,,,,,,,,,,,,,,,PENDING
6 (HIGH),314,Rainbow Flax,19.99,,,,,,,,,,,,,,,PENDING
6 (HIGH),315,Red Banana,49.99,,,,,,,,,,,,,,,PENDING
6 (HIGH),316,Red Bud,175.0,,,,,,,,,,,,,,,PENDING
6 (HIGH),317,Red Bud,69.99,,,,,,,,,,,,,,,PENDING
6 (HIGH),318,Red Hot Poker,4.99,,,,,,,,,,,,,,,PENDING
6 (HIGH),319,Red Tip Photenia,4.99,,,,,,,,,,,,,,,PENDING
6 (HIGH),320,Red Yucca,4.99,,,,,,,,,,,,,,,PENDING
6 (HIGH),321,Regular Pony Pack,4.99,,,,,,,,,,,,,,,PENDING
6 (HIGH),322,Rhaphs,4.99,,,,,,,,,,,,,,,PENDING
6 (HIGH),323,Rock Rose,4.99,,,,,,,,,,,,,,,PENDING
6 (HIGH),324,Rose Bush,4.99,,,,,,,,,,,,,,,PENDING
6 (HIGH),325,Rose Tree,39.99,,,,,,,,,,,,,,,PENDING
6 (HIGH),326,Ruelle Dwf Purple,4.99,,,,,,,,,,,,,,,PENDING
6 (HIGH),327,Rosemary,4.99,,,,,,,,,,,,,,,PENDING
6 (HIGH),328,Russian Sage,4.99,,,,,,,,,,,,,,,PENDING
6 (HIGH),329,Sage,4.99,,,,,,,,,,,,,,,PENDING
6 (HIGH),330,Sago,99.99,,,,,,,,,,,,,,,PENDING
6 (HIGH),331,Sago Palm,6.99,,,,,,,,,,,,,,,PENDING
6 (HIGH),332,Sago Palm,99.99,,,,,,,,,,,,,,,PENDING
6 (HIGH),333,Sago Palm,19.99,,,,,,,,,,,,,,,PENDING
6 (HIGH),334,Sago Palm,39.99,,,,,,,,,,,,,,,PENDING
6 (HIGH),335,Sago Palm,300.0,,,,,,,,,,,,,,,PENDING
6 (HIGH),336,Salvia Greggii,4.99,,,,,,,,,,,,,,,PENDING
6 (HIGH),337,Santa Barbara Daisy,4.99,,,,,,,,,,,,,,,PENDING
6 (HIGH),338,Sapote,39.99,,,,,,,,,,,,,,,PENDING
6 (HIGH),339,Sapote,39.99,,,,,,,,,,,,,,,PENDING
6 (HIGH),340,Sea Lavender,3.99,,,,,,,,,,,,,,,PENDING
6 (HIGH),341,Sea Side Daisy,5.99,,,,,,,,,,,,,,,PENDING
6 (HIGH),342,Sego,19.99,,,,,,,,,,,,,,,PENDING
6 (HIGH),343,Sego Palm,49.99,,,,,,,,,,,,,,,PENDING
6 (HIGH),344,Sego Palm,150.0,,,,,,,,,,,,,,,PENDING
6 (HIGH),345,Shade,499.99,,,,,,,,,,,,,,,PENDING
6 (HIGH),346,Shade Tree,89.99,,,,,,,,,,,,,,,PENDING
6 (HIGH),347,Shade Tree,99.99,,,,,,,,,,,,,,,PENDING
6 (HIGH),348,Shade Tree,89.99,,,,,,,,,,,,,,,PENDING
6 (HIGH),349,Shade Tree,59.99,,,,,,,,,,,,,,,PENDING
6 (HIGH),350,Shade Tree,79.99,,,,,,,,,,,,,,,PENDING
6 (HIGH),351,Shade Tree,69.99,,,,,,,,,,,,,,,PENDING
6 (HIGH),352,Shade Tree,49.99,,,,,,,,,,,,,,,PENDING
6 (HIGH),353,Shade Tree,250.0,,,,,,,,,,,,,,,PENDING
6 (HIGH),354,Shade Tree,175.0,,,,,,,,,,,,,,,PENDING
6 (HIGH),355,Shade Tree,199.99,,,,,,,,,,,,,,,PENDING
6 (HIGH),356,Shade Tree,225.0,,,,,,,,,,,,,,,PENDING
6 (HIGH),357,Shade Tree,150.0,,,,,,,,,,,,,,,PENDING
6 (HIGH),358,Shade Tree,125.0,,,,,,,,,,,,,,,PENDING
6 (HIGH),359,Shade Tree,375.0,,,,,,,,,,,,,,,PENDING
6 (HIGH),360,Shade Tree,425.0,,,,,,,,,,,,,,,PENDING
6 (HIGH),361,Shade Tree,399.0,,,,,,,,,,,,,,,PENDING
6 (HIGH),362,Shade Tree,350.0,,,,,,,,,,,,,,,PENDING
6 (HIGH),363,Shade Tree,325.0,,,,,,,,,,,,,,,PENDING
6 (HIGH),364,Shade Tree,19.99,,,,,,,,,,,,,,,PENDING
6 (HIGH),365,Shipping,75.0,,,,,,,,,,,,,,,PENDING
6 (HIGH),366,Shipping & Handling,35.0,,,,,,,,,,,,,,,PENDING
6 (HIGH),367,Shipping & Handling,100.0,,,,,,,,,,,,,,,PENDING
6 (HIGH),368,Shipping & Handling,65.0,,,,,,,,,,,,,,,PENDING
6 (HIGH),369,Shipping and Handling,120.0,,,,,,,,,,,,,,,PENDING
6 (HIGH),370,Shrimp Plant,19.99,,,,,,,,,,,,,,,PENDING
6 (HIGH),371,Silk Floss Tree,69.99,,,,,,,,,,,,,,,PENDING
6 (HIGH),372,Society Garlic,4.99,,,,,,,,,,,,,,,PENDING
6 (HIGH),373,Soil Big Harvest,16.99,,,,,,,,,,,,,,,PENDING
6 (HIGH),374,Soil Cactus,15.99,,,,,,,,,,,,,,,PENDING
6 (HIGH),375,Spiral Juniper,175.0,,,,,,,,,,,,,,,PENDING
6 (HIGH),376,split leaf,50.0,,,,,,,,,,,,,,,PENDING
6 (HIGH),377,Staked Bougainvillea,49.99,,,,,,,,,,,,,,,PENDING
6 (HIGH),378,Stakes 8',1.99,,,,,,,,,,,,,,,PENDING
6 (HIGH),379,Standard Bird of Paradise,49.99,,,,,,,,,,,,,,,PENDING
6 (HIGH),380,Standard Bird of Paradise,19.99,,,,,,,,,,,,,,,PENDING
6 (HIGH),381,Star Jasmine Staked Vine,4.99,,,,,,,,,,,,,,,PENDING
6 (HIGH),382,Star Jasmine Staked Vine,19.99,,,,,,,,,,,,,,,PENDING
6 (HIGH),383,Statice,4.99,,,,,,,,,,,,,,,PENDING
6 (HIGH),384,Sticks on Fire,19.99,,,,,,,,,,,,,,,PENDING
6 (HIGH),385,"Succulant 4""",4.99,,,,,,,,,,,,,,,PENDING
6 (HIGH),386,"Succulant 6""",8.99,,,,,,,,,,,,,,,PENDING
6 (HIGH),387,Sun Patience,4.99,,,,,,,,,,,,,,,PENDING
6 (HIGH),388,Super Thrive,39.99,,,,,,,,,,,,,,,PENDING
6 (HIGH),389,Super Thrive,15.99,,,,,,,,,,,,,,,PENDING
6 (HIGH),390,Sweet Pea,4.99,,,,,,,,,,,,,,,PENDING
6 (HIGH),391,Tangerine,99.99,,,,,,,,,,,,,,,PENDING
6 (HIGH),392,Tangerine,39.99,,,,,,,,,,,,,,,PENDING
6 (HIGH),393,Tecoma Bells,69.99,,,,,,,,,,,,,,,PENDING
6 (HIGH),394,Texas Privet,4.99,,,,,,,,,,,,,,,PENDING
6 (HIGH),395,Texas Ranger,4.99,,,,,,,,,,,,,,,PENDING
6 (HIGH),396,Texas Ranger,15.99,,,,,,,,,,,,,,,PENDING
6 (HIGH),397,Toothless Sotol,79.99,,,,,,,,,,,,,,,PENDING
6 (HIGH),398,Torch Glow Bougaainvillea,19.99,,,,,,,,,,,,,,,PENDING
6 (HIGH),399,Trumpet Vine,19.99,,,,,,,,,,,,,,,PENDING
6 (HIGH),400,Valencia Orange,99.99,,,,,,,,,,,,,,,PENDING
6 (HIGH),401,Variegated Pink Lemon,99.99,,,,,,,,,,,,,,,PENDING
6 (HIGH),402,Varigated Dianella,4.99,,,,,,,,,,,,,,,PENDING
6 (HIGH),403,Vegetable Quart,3.99,,,,,,,,,,,,,,,PENDING
6 (HIGH),404,Vegetable 5 Gallon,19.99,,,,,,,,,,,,,,,PENDING
6 (HIGH),405,Vegetable Pony,4.99,,,,,,,,,,,,,,,PENDING
6 (HIGH),406,Verg Oleander,19.99,,,,,,,,,,,,,,,PENDING
6 (HIGH),407,Veronica,6.99,,,,,,,,,,,,,,,PENDING
6 (HIGH),408,Vine,19.99,,,,,,,,,,,,,,,PENDING
6 (HIGH),409,Vine,15.99,,,,,,,,,,,,,,,PENDING
6 (HIGH),410,Vine,4.99,,,,,,,,,,,,,,,PENDING
6 (HIGH),411,Walnut,89.99,,,,,,,,,,,,,,,PENDING
6 (HIGH),412,Washington Navel Orange,99.99,,,,,,,,,,,,,,,PENDING
6 (HIGH),413,White Birch,150.0,,,,,,,,,,,,,,,PENDING
6 (HIGH),414,White Rock Rose,4.99,,,,,,,,,,,,,,,PENDING
6 (HIGH),415,White Sage,5.99,,,,,,,,,,,,,,,PENDING
6 (HIGH),416,Wild Petunia,4.99,,,,,,,,,,,,,,,PENDING
6 (HIGH),417,Wisteria,19.99,,,,,,,,,,,,,,,PENDING
6 (HIGH),418,Zebra Grass,4.99,,,,,,,,,,,,,,,PENDING
6 (HIGH),419,Yellow Yucca,25.99,,,,,,,,,,,,,,,PENDING
6 (HIGH),420,Yellow Wave Flax,19.99,,,,,,,,,,,,,,,PENDING
6 (HIGH),421,Yellow Wave Flax,64.99,,,,,,,,,,,,,,,PENDING
6 (HIGH),422,Yellow Bells,49.99,,,,,,,,,,,,,,,PENDING
6 (HIGH),423,Yarrow,4.99,,,,,,,,,,,,,,,PENDING
6 (HIGH),424,Woodchips,7.99,,,,,,,,,,,,,,,PENDING
6 (HIGH),425,Wistrengia,4.99,,,,,,,,,,,,,,,PENDING
6 (HIGH),426,White Sage,19.99,,,,,,,,,,,,,,,PENDING
6 (HIGH),427,Cutrenella 5 G,19.99,,,,,,,,,,,,,,,PENDING
6 (HIGH),428,Citronella 5gallon,19.99,,,,,,,,,,,,,,,PENDING
6 (HIGH),429,Arborvitae,19.99,,,,,,,,,,,,,,,PENDING
6 (HIGH),430,Rose Of Sharron,4.99,,,,,,,,,,,,,,,PENDING
6 (HIGH),431,Spiral Juniper. 5 Gallon,19.99,,,,,,,,,,,,,,,PENDING
6 (HIGH),432,Spiral Juniper 15 Gallon,19.99,,,,,,,,,,,,,,,PENDING
6 (HIGH),433,3 Tier Poodle Privet,110.0,,,,,,,,,,,,,,,PENDING
6 (HIGH),434,"Blue Point Spiral 16"" Pot",175.0,,,,,,,,,,,,,,,PENDING
6 (HIGH),435,"Patio Tree Privet 16""",175.0,,,,,,,,,,,,,,,PENDING
6 (HIGH),436,Bush,19.99,,,,,,,,,,,,,,,PENDING
6 (HIGH),437,Blue Point 2 Tier,175.0,,,,,,,,,,,,,,,PENDING
6 (HIGH),438,Fertilizer,3.99,,,,,,,,,,,,,,,PENDING
6 (HIGH),439,"Empty 24""",24.99,,,,,,,,,,,,,,,PENDING
6 (HIGH),440,Myoporum,4.99,,,,,,,,,,,,,,,PENDING
6 (HIGH),441,Cherry,59.99,,,,,,,,,,,,,,,PENDING
6 (HIGH),442,Foxtail Fern,4.99,,,,,,,,,,,,,,,PENDING
6 (HIGH),443,Stake 8',3.99,,,,,,,,,,,,,,,PENDING
6 (HIGH),444,Shipping & Handling,45.0,,,,,,,,,,,,,,,PENDING
6 (HIGH),445,Plumeria 1 Gallon,4.99,,,,,,,,,,,,,,,PENDING
6 (HIGH),446,Split Leaf Philodendron 5 Gallon,19.99,,,,,,,,,,,,,,,PENDING
6 (HIGH),447,Bamboo,19.99,,,,,,,,,,,,,,,PENDING
6 (HIGH),448,Rose Bush,19.99,,,,,,,,,,,,,,,PENDING
6 (HIGH),449,Tree Hibisxus,39.99,,,,,,,,,,,,,,,PENDING
6 (HIGH),450,Corn Plant,19.99,,,,,,,,,,,,,,,PENDING
6 (HIGH),451,"Pongtail Palm 14""",69.99,,,,,,,,,,,,,,,PENDING
6 (HIGH),452,"Pygmy Palm 10""",19.99,,,,,,,,,,,,,,,PENDING
6 (HIGH),453,Riv Coynty,1511.25,,,,,,,,,,,,,,,PENDING
6 (HIGH),454,Emlty 25 Gal,19.99,,,,,,,,,,,,,,,PENDING
6 (HIGH),455,Empty 25 Gal,19.99,,,,,,,,,,,,,,,PENDING
6 (HIGH),456,Soil Steer Manure 2CF,3.99,,,,,,,,,,,,,,,PENDING
6 (HIGH),457,Strawberry Tree,99.99,,,,,,,,,,,,,,,PENDING
6 (HIGH),458,Arbutus Marina,99.99,,,,,,,,,,,,,,,PENDING
6 (HIGH),459,Soil Organic Potting,12.99,,,,,,,,,,,,,,,PENDING
6 (HIGH),460,Soil Chicken Manure,7.99,,,,,,,,,,,,,,,PENDING
6 (HIGH),461,Desert Willow,59.99,,,,,,,,,,,,,,,PENDING
6 (HIGH),462,Fruitless olive,400.0,,,,,,,,,,,,,,,PENDING
6 (HIGH),463,Bottle brush tree,175.0,,,,,,,,,,,,,,,PENDING
6 (HIGH),464,Shipping And Handling,150.0,,,,,,,,,,,,,,,PENDING
6 (HIGH),465,King Palm,19.99,,,,,,,,,,,,,,,PENDING
6 (HIGH),466,Magnolia Grandiflora,99.99,,,,,,,,,,,,,,,PENDING
6 (HIGH),467,Pink Crape Myrtle,59.99,,,,,,,,,,,,,,,PENDING
6 (HIGH),468,Terra Cotta. Pots,35.0,,,,,,,,,,,,,,,PENDING
6 (HIGH),469,Euryops,4.99,,,,,,,,,,,,,,,PENDING
6 (HIGH),470,Grass,4.99,,,,,,,,,,,,,,,PENDING
6 (HIGH),471,Juniper 15 Gallon,19.99,,,,,,,,,,,,,,,PENDING
6 (HIGH),472,Pink Powder Puff,29.99,,,,,,,,,,,,,,,PENDING
6 (HIGH),473,4in succulent,3.99,,,,,,,,,,,,,,,PENDING
6 (HIGH),474,Empty 1 Gallon,4.99,,,,,,,,,,,,,,,PENDING
6 (HIGH),475,pepper tree,19.99,,,,,,,,,,,,,,,PENDING
6 (HIGH),476,kiwi,19.99,,,,,,,,,,,,,,,PENDING
6 (HIGH),477,olive tree,19.99,,,,,,,,,,,,,,,PENDING
6 (HIGH),478,Bag Fertelizer,80.0,,,,,,,,,,,,,,,PENDING
6 (HIGH),479,Citranella,9.99,,,,,,,,,,,,,,,PENDING
6 (HIGH),480,podocarpus,19.99,,,,,,,,,,,,,,,PENDING
6 (HIGH),481,trellis LG,38.0,,,,,,,,,,,,,,,PENDING
6 (HIGH),482,pomegranate,19.99,,,,,,,,,,,,,,,PENDING
6 (HIGH),483,Desert Spoon 25g,299.99,,,,,,,,,,,,,,,PENDING
6 (HIGH),484,Ocotillo,225.0,,,,,,,,,,,,,,,PENDING
6 (HIGH),485,Jade,19.99,,,,,,,,,,,,,,,PENDING
6 (HIGH),486,Mandevilla 1 Gallon,4.99,,,,,,,,,,,,,,,PENDING
6 (HIGH),487,Passion Fruit Trellis,79.99,,,,,,,,,,,,,,,PENDING
6 (HIGH),488,crape mytle,59.99,,,,,,,,,,,,,,,PENDING
6 (HIGH),489,small trelice,18.0,,,,,,,,,,,,,,,PENDING
6 (HIGH),490,Ratch-it,35.99,,,,,,,,,,,,,,,PENDING
6 (HIGH),491,King Palm,75.0,,,,,,,,,,,,,,,PENDING
6 (HIGH),492,4in color,1.99,,,,,,,,,,,,,,,PENDING
6 (HIGH),493,Annual Single,1.99,,,,,,,,,,,,,,,PENDING
6 (HIGH),494,Flax 1g,4.99,,,,,,,,,,,,,,,PENDING
6 (HIGH),495,Firecracker 1g,5.99,,,,,,,,,,,,,,,PENDING
6 (HIGH),496,Manzanita 1 G,6.99,,,,,,,,,,,,,,,PENDING
6 (HIGH),497,Cyclamen Flat,48.0,,,,,,,,,,,,,,,PENDING
6 (HIGH),498,Fruitless Olive,175.0,,,,,,,,,,,,,,,PENDING
6 (HIGH),499,tape,5.0,,,,,,,,,,,,,,,PENDING
6 (HIGH),500,Aloe Moonglow,39.99,,,,,,,,,,,,,,,PENDING
6 (HIGH),501,Cypress Dwf,99.99,,,,,,,,,,,,,,,PENDING
6 (HIGH),502,Coral Aloe,19.99,,,,,,,,,,,,,,,PENDING
6 (HIGH),503,"Fruitless Olive 24""",250.0,,,,,,,,,,,,,,,PENDING
6 (HIGH),504,Aloe Little Gem,9.99,,,,,,,,,,,,,,,PENDING
6 (HIGH),505,Abelia,69.99,,,,,,,,,,,,,,,PENDING
6 (HIGH),506,Fruit Tree 25 Gal,199.99,,,,,,,,,,,,,,,PENDING
6 (HIGH),507,"Arbutu Marina 24""",199.99,,,,,,,,,,,,,,,PENDING
6 (HIGH),508,Hibiscus 15 G,69.99,,,,,,,,,,,,,,,PENDING
6 (HIGH),509,Rose Of Sharron,69.99,,,,,,,,,,,,,,,PENDING
6 (HIGH),510,Orange Bell,69.99,,,,,,,,,,,,,,,PENDING
6 (HIGH),511,Pineapple Guave,69.99,,,,,,,,,,,,,,,PENDING
6 (HIGH),512,Sego,199.99,,,,,,,,,,,,,,,PENDING
6 (HIGH),513,Crape Myrtle,175.0,,,,,,,,,,,,,,,PENDING
6 (HIGH),514,Blue Point Juniper,19.99,,,,,,,,,,,,,,,PENDING
6 (HIGH),515,Sego Palm 15 Gallon,19.99,,,,,,,,,,,,,,,PENDING
6 (HIGH),516,Coffee Berry,19.99,,,,,,,,,,,,,,,PENDING
6 (HIGH),517,Avocado Tree,120.0,,,,,,,,,,,,,,,PENDING
6 (HIGH),518,euryopes,19.99,,,,,,,,,,,,,,,PENDING
6 (HIGH),519,blue chalckstick,4.99,,,,,,,,,,,,,,,PENDING
6 (HIGH),520,olive,175.0,,,,,,,,,,,,,,,PENDING
6 (HIGH),521,Color Flat,19.99,,,,,,,,,,,,,,,PENDING
6 (HIGH),522,Weed Barrier 15' Roll,450.0,,,,,,,,,,,,,,,PENDING
6 (HIGH),523,Weed Barrier 10' Roll,325.0,,,,,,,,,,,,,,,PENDING
6 (HIGH),524,Weed Barrier 6' Roll,250.0,,,,,,,,,,,,,,,PENDING
6 (HIGH),525,Weed Barrier 6' Per Foot,1.75,,,,,,,,,,,,,,,PENDING
6 (HIGH),526,Weed Barrier 10' Per Foot,2.0,,,,,,,,,,,,,,,PENDING
6 (HIGH),527,Weed Barrier 15' Per Foot,2.25,,,,,,,,,,,,,,,PENDING
6 (HIGH),528,Staples Bag,19.99,,,,,,,,,,,,,,,PENDING
6 (HIGH),529,fruitless olive,59.99,,,,,,,,,,,,,,,PENDING
6 (HIGH),530,pride of madera,19.99,,,,,,,,,,,,,,,PENDING
6 (HIGH),531,Hybrid Verbena,5.99,,,,,,,,,,,,,,,PENDING
6 (HIGH),532,Mexican sage,19.99,,,,,,,,,,,,,,,PENDING
6 (HIGH),533,cistus salvifolus,19.99,,,,,,,,,,,,,,,PENDING
6 (HIGH),534,poodle ball juniper,69.99,,,,,,,,,,,,,,,PENDING
6 (HIGH),535,Indian Hawthorne,19.99,,,,,,,,,,,,,,,PENDING
6 (HIGH),536,Carolina Cherry,59.99,,,,,,,,,,,,,,,PENDING
6 (HIGH),537,collard green,19.99,,,,,,,,,,,,,,,PENDING
6 (HIGH),538,hibiscus tree,39.99,,,,,,,,,,,,,,,PENDING
6 (HIGH),539,Red Banana 1 Gallon,4.99,,,,,,,,,,,,,,,PENDING
6 (HIGH),540,Azalea,19.99,,,,,,,,,,,,,,,PENDING
6 (HIGH),541,pink guava,49.99,,,,,,,,,,,,,,,PENDING
6 (HIGH),542,Golden Euonymus,19.99,,,,,,,,,,,,,,,PENDING
6 (HIGH),543,Iceberg Roses,19.99,,,,,,,,,,,,,,,PENDING
6 (HIGH),544,Ground Cover Rose,19.99,,,,,,,,,,,,,,,PENDING
6 (HIGH),545,Rock Rose,19.99,,,,,,,,,,,,,,,PENDING
6 (HIGH),546,Rose of Sharron,19.99,,,,,,,,,,,,,,,PENDING
6 (HIGH),547,Rosemary,19.99,,,,,,,,,,,,,,,PENDING
6 (HIGH),548,White Rockrose,19.99,,,,,,,,,,,,,,,PENDING
6 (HIGH),549,Abelia Kaleidoscope,19.99,,,,,,,,,,,,,,,PENDING
6 (HIGH),550,Agapanthus,19.99,,,,,,,,,,,,,,,PENDING
6 (HIGH),551,Agave Americana,19.99,,,,,,,,,,,,,,,PENDING
6 (HIGH),552,Agave Attenuata,19.99,,,,,,,,,,,,,,,PENDING
6 (HIGH),553,Agave Variegata,19.99,,,,,,,,,,,,,,,PENDING
6 (HIGH),554,Aleppo Pine,19.99,,,,,,,,,,,,,,,PENDING
6 (HIGH),555,Almond,19.99,,,,,,,,,,,,,,,PENDING
6 (HIGH),556,Australian Tea Bush,19.99,,,,,,,,,,,,,,,PENDING
6 (HIGH),557,Blue Fescue,19.99,,,,,,,,,,,,,,,PENDING
6 (HIGH),558,Blue Grass,19.99,,,,,,,,,,,,,,,PENDING
6 (HIGH),559,Bougainvillea Bush,19.99,,,,,,,,,,,,,,,PENDING
6 (HIGH),560,Boxwood,19.99,,,,,,,,,,,,,,,PENDING
6 (HIGH),561,Boxwood,19.99,,,,,,,,,,,,,,,PENDING
6 (HIGH),562,Breath Of Heaven,19.99,,,,,,,,,,,,,,,PENDING
6 (HIGH),563,Bush,19.99,,,,,,,,,,,,,,,PENDING
6 (HIGH),564,Bush 5gallon,19.99,,,,,,,,,,,,,,,PENDING
6 (HIGH),565,Butterfly Bush,19.99,,,,,,,,,,,,,,,PENDING
6 (HIGH),566,California Pepper,19.99,,,,,,,,,,,,,,,PENDING
6 (HIGH),567,Cape Honeysuckle,19.99,,,,,,,,,,,,,,,PENDING
6 (HIGH),568,Carex,19.99,,,,,,,,,,,,,,,PENDING
6 (HIGH),569,Canna Lily,19.99,,,,,,,,,,,,,,,PENDING
6 (HIGH),570,Cassia,19.99,,,,,,,,,,,,,,,PENDING
6 (HIGH),571,Snake Plant,9.99,,,,,,,,,,,,,,,PENDING
6 (HIGH),572,staked bougainvillea,69.99,,,,,,,,,,,,,,,PENDING
6 (HIGH),573,"Tree Rose 24""",29.99,,,,,,,,,,,,,,,PENDING
6 (HIGH),574,"Tree Rose 36""",39.99,,,,,,,,,,,,,,,PENDING
6 (HIGH),575,agave furccraea macdougallii,39.99,,,,,,,,,,,,,,,PENDING
6 (HIGH),576,mango,120.0,,,,,,,,,,,,,,,PENDING
6 (HIGH),577,pot,89.99,,,,,,,,,,,,,,,PENDING
6 (HIGH),578,Eucalyptus 1 Gallon,4.99,,,,,,,,,,,,,,,PENDING
6 (HIGH),579,potato tree,79.99,,,,,,,,,,,,,,,PENDING
6 (HIGH),580,fruitless mulberry,49.99,,,,,,,,,,,,,,,PENDING
6 (HIGH),581,butterfly bush,7.99,,,,,,,,,,,,,,,PENDING
6 (HIGH),582,rose bush,5.99,,,,,,,,,,,,,,,PENDING
6 (HIGH),583,Dianelle,19.99,,,,,,,,,,,,,,,PENDING
6 (HIGH),584,Cordyline,24.99,,,,,,,,,,,,,,,PENDING
6 (HIGH),585,privet,19.99,,,,,,,,,,,,,,,PENDING
6 (HIGH),586,delivery,55.0,,,,,,,,,,,,,,,PENDING
6 (HIGH),587,geranium mosquito,8.99,,,,,,,,,,,,,,,PENDING
6 (HIGH),588,persimmon,175.0,,,,,,,,,,,,,,,PENDING
6 (HIGH),589,little john,19.99,,,,,,,,,,,,,,,PENDING
6 (HIGH),590,Vege,19.99,,,,,,,,,,,,,,,PENDING
6 (HIGH),591,Quarts,4.99,,,,,,,,,,,,,,,PENDING
6 (HIGH),592,Kangaroo Paw,6.99,,,,,,,,,,,,,,,PENDING
6 (HIGH),593,artemesia,19.99,,,,,,,,,,,,,,,PENDING
6 (HIGH),594,Avocado Tree,49.99,,,,,,,,,,,,,,,PENDING
6 (HIGH),595,red banana,29.99,,,,,,,,,,,,,,,PENDING
6 (HIGH),596,Plumeria 15 Gallon,19.99,,,,,,,,,,,,,,,PENDING
6 (HIGH),597,Plumeria 5 Gallon,19.99,,,,,,,,,,,,,,,PENDING
6 (HIGH),598,Stakes 6',6.99,,,,,,,,,,,,,,,PENDING
6 (HIGH),599,Stakes 5',3.99,,,,,,,,,,,,,,,PENDING
6 (HIGH),600,persimmon,79.99,,,,,,,,,,,,,,,PENDING
6 (HIGH),601,bush jasmine,19.99,,,,,,,,,,,,,,,PENDING
6 (HIGH),602,staked jasmine,34.99,,,,,,,,,,,,,,,PENDING
6 (HIGH),603,bush jasmine,39.99,,,,,,,,,,,,,,,PENDING
6 (HIGH),604,tree rose,49.99,,,,,,,,,,,,,,,PENDING
6 (HIGH),605,persimmon,175.0,,,,,,,,,,,,,,,PENDING
6 (HIGH),606,fox tail fern,19.99,,,,,,,,,,,,,,,PENDING
6 (HIGH),607,Texas Privet,19.99,,,,,,,,,,,,,,,PENDING
6 (HIGH),608,sword fern,19.99,,,,,,,,,,,,,,,PENDING
6 (HIGH),609,Afghan Pine,19.99,,,,,,,,,,,,,,,PENDING
6 (HIGH),610,Afterglow Eceveria,25.0,,,,,,,,,,,,,,,PENDING
6 (HIGH),611,Agapanthus Tinker Bell,6.99,,,,,,,,,,,,,,,PENDING
6 (HIGH),612,Algerian Mandarin,49.99,,,,,,,,,,,,,,,PENDING
6 (HIGH),613,Aulstralian Willow 15 Gallon,19.99,,,,,,,,,,,,,,,PENDING
6 (HIGH),614,"Aulstralian Willow 24"" Box",175.0,,,,,,,,,,,,,,,PENDING
6 (HIGH),615,Autumn Sage,19.99,,,,,,,,,,,,,,,PENDING
6 (HIGH),616,Bears Lime,125.0,,,,,,,,,,,,,,,PENDING
6 (HIGH),617,Bears Lime,49.99,,,,,,,,,,,,,,,PENDING
6 (HIGH),618,Birch,59.99,,,,,,,,,,,,,,,PENDING
6 (HIGH),619,Bird Of Paradise,19.99,,,,,,,,,,,,,,,PENDING
6 (HIGH),620,Bird Of Paradise 15 Gallon,19.99,,,,,,,,,,,,,,,PENDING
6 (HIGH),621,Blood Orange,49.99,,,,,,,,,,,,,,,PENDING
6 (HIGH),622,Blood Orange,125.0,,,,,,,,,,,,,,,PENDING
6 (HIGH),623,Blue Fan Palm,35.0,,,,,,,,,,,,,,,PENDING
6 (HIGH),624,Blue Flame Agave 5 Gallon,19.99,,,,,,,,,,,,,,,PENDING
6 (HIGH),625,Bougainvellea Staked,25.0,,,,,,,,,,,,,,,PENDING
6 (HIGH),626,Bouganvillea Staked,25.0,,,,,,,,,,,,,,,PENDING
6 (HIGH),627,Bower vine,25.0,,,,,,,,,,,,,,,PENDING
6 (HIGH),628,Breaklight Yucca,35.0,,,,,,,,,,,,,,,PENDING
6 (HIGH),629,Breath Of Heaven,4.99,,,,,,,,,,,,,,,PENDING
6 (HIGH),630,Butterfly Bush,6.99,,,,,,,,,,,,,,,PENDING
6 (HIGH),631,Calla Lily,19.99,,,,,,,,,,,,,,,PENDING
6 (HIGH),632,Calomindian,59.99,,,,,,,,,,,,,,,PENDING
6 (HIGH),633,Carissa Green Carpet,19.99,,,,,,,,,,,,,,,PENDING
6 (HIGH),634,Carrotwood,59.99,,,,,,,,,,,,,,,PENDING
6 (HIGH),635,Ceonothus,29.99,,,,,,,,,,,,,,,PENDING
6 (HIGH),636,Ceonothus,7.99,,,,,,,,,,,,,,,PENDING
6 (HIGH),637,Cherimoya,49.99,,,,,,,,,,,,,,,PENDING
6 (HIGH),638,Chinese Flame,59.99,,,,,,,,,,,,,,,PENDING
6 (HIGH),639,Chinese Fringe,29.99,,,,,,,,,,,,,,,PENDING
6 (HIGH),640,Citrus,49.99,,,,,,,,,,,,,,,PENDING
6 (HIGH),641,Clevandi Sage,19.99,,,,,,,,,,,,,,,PENDING
6 (HIGH),642,Cleveland Sage,19.99,,,,,,,,,,,,,,,PENDING
6 (HIGH),643,lavender,19.99,,,,,,,,,,,,,,,PENDING
6 (HIGH),644,honey,30.0,,,,,,,,,,,,,,,PENDING
6 (HIGH),645,Japanese Maple,199.99,,,,,,,,,,,,,,,PENDING
6 (HIGH),646,hydrangea,29.99,,,,,,,,,,,,,,,PENDING
6 (HIGH),647,passion fruit,19.99,,,,,,,,,,,,,,,PENDING
6 (HIGH),648,lodge poles,9.99,,,,,,,,,,,,,,,PENDING
6 (HIGH),649,Guava,49.99,,,,,,,,,,,,,,,PENDING
6 (HIGH),650,pink rhaphiolepis,19.99,,,,,,,,,,,,,,,PENDING
6 (HIGH),651,ceanthus,19.99,,,,,,,,,,,,,,,PENDING
6 (HIGH),652,fountain grass,19.99,,,,,,,,,,,,,,,PENDING
6 (HIGH),653,Iceberg White,4.99,,,,,,,,,,,,,,,PENDING
6 (HIGH),654,Iceberg Pink,4.99,,,,,,,,,,,,,,,PENDING
6 (HIGH),655,Iceberb Burgandy,4.99,,,,,,,,,,,,,,,PENDING
6 (HIGH),656,magnolia,199.99,,,,,,,,,,,,,,,PENDING
6 (HIGH),657,Golden Rain,199.99,,,,,,,,,,,,,,,PENDING
6 (HIGH),658,Rhaphiolepis,19.99,,,,,,,,,,,,,,,PENDING
6 (HIGH),659,Society Garlic,19.99,,,,,,,,,,,,,,,PENDING
6 (HIGH),660,Soil Rose,12.99,,,,,,,,,,,,,,,PENDING
6 (HIGH),661,Creeping Fig,19.99,,,,,,,,,,,,,,,PENDING
6 (HIGH),662,Creme De Mint,24.99,,,,,,,,,,,,,,,PENDING
6 (HIGH),663,Daisy,19.99,,,,,,,,,,,,,,,PENDING
6 (HIGH),664,Darantha,19.99,,,,,,,,,,,,,,,PENDING
6 (HIGH),665,Daylily,19.99,,,,,,,,,,,,,,,PENDING
6 (HIGH),666,Deer Grass,19.99,,,,,,,,,,,,,,,PENDING
6 (HIGH),667,Avocado Tree,350.0,,,,,,,,,,,,,,,PENDING
6 (HIGH),668,African Sumac,59.99,,,,,,,,,,,,,,,PENDING
6 (HIGH),669,Banana,19.99,,,,,,,,,,,,,,,PENDING
6 (HIGH),670,Barberry,24.99,,,,,,,,,,,,,,,PENDING
6 (HIGH),671,Barrel Cactus 5 G,29.99,,,,,,,,,,,,,,,PENDING
6 (HIGH),672,5 Gal Empty,19.99,,,,,,,,,,,,,,,PENDING
6 (HIGH),673,Afghan Pine,49.99,,,,,,,,,,,,,,,PENDING
6 (HIGH),674,Abelia 1 G,4.99,,,,,,,,,,,,,,,PENDING
6 (HIGH),675,Acacia Low Boy 1 G,4.99,,,,,,,,,,,,,,,PENDING
6 (HIGH),676,Iceberg Rose 15 G,49.99,,,,,,,,,,,,,,,PENDING
6 (HIGH),677,"African Sumac 24""",175.0,,,,,,,,,,,,,,,PENDING
6 (HIGH),678,African Sumac 5G,19.99,,,,,,,,,,,,,,,PENDING
6 (HIGH),679,Acaci Low Boy 5G,19.99,,,,,,,,,,,,,,,PENDING
6 (HIGH),680,Abelia 5G,19.99,,,,,,,,,,,,,,,PENDING
6 (HIGH),681,Berries,19.99,,,,,,,,,,,,,,,PENDING
6 (HIGH),682,Blueberry,19.99,,,,,,,,,,,,,,,PENDING
6 (HIGH),683,Blackberry,19.99,,,,,,,,,,,,,,,PENDING
6 (HIGH),684,Dwf Mock Orange,19.99,,,,,,,,,,,,,,,PENDING
6 (HIGH),685,Barrel Cactus,74.99,,,,,,,,,,,,,,,PENDING
6 (HIGH),686,Fire Sticks,19.99,,,,,,,,,,,,,,,PENDING
6 (HIGH),687,Fig,19.99,,,,,,,,,,,,,,,PENDING
6 (HIGH),688,Fruitless Olive Dwarf,19.99,,,,,,,,,,,,,,,PENDING
6 (HIGH),689,Escalonia,19.99,,,,,,,,,,,,,,,PENDING
6 (HIGH),690,Flax,19.99,,,,,,,,,,,,,,,PENDING
6 (HIGH),691,Fountain Grass,19.99,,,,,,,,,,,,,,,PENDING
6 (HIGH),692,Foxtail Fern,19.99,,,,,,,,,,,,,,,PENDING
6 (HIGH),693,Foxtail Aloe,19.99,,,,,,,,,,,,,,,PENDING
6 (HIGH),694,Guara,19.99,,,,,,,,,,,,,,,PENDING
6 (HIGH),695,Germander,19.99,,,,,,,,,,,,,,,PENDING
6 (HIGH),696,Golden Breath of Heaven,19.99,,,,,,,,,,,,,,,PENDING
6 (HIGH),697,Halls Honeysuckle,19.99,,,,,,,,,,,,,,,PENDING
6 (HIGH),698,Hesperole,19.99,,,,,,,,,,,,,,,PENDING
6 (HIGH),699,Holly,19.99,,,,,,,,,,,,,,,PENDING
6 (HIGH),700,Hopseed,19.99,,,,,,,,,,,,,,,PENDING
6 (HIGH),701,Horsetail,19.99,,,,,,,,,,,,,,,PENDING
6 (HIGH),702,Jerusalem Sage,19.99,,,,,,,,,,,,,,,PENDING
6 (HIGH),703,Juniper,19.99,,,,,,,,,,,,,,,PENDING
6 (HIGH),704,Kangaroo Paw,19.99,,,,,,,,,,,,,,,PENDING
6 (HIGH),705,Lantana,19.99,,,,,,,,,,,,,,,PENDING
6 (HIGH),706,Marguerite Daisy,19.99,,,,,,,,,,,,,,,PENDING
6 (HIGH),707,Mediterranean Fan Palm,19.99,,,,,,,,,,,,,,,PENDING
6 (HIGH),708,Mytrle Compacta,19.99,,,,,,,,,,,,,,,PENDING
6 (HIGH),709,Myrtus Compacta,19.99,,,,,,,,,,,,,,,PENDING
6 (HIGH),710,Mexican Feather Grass,19.99,,,,,,,,,,,,,,,PENDING
6 (HIGH),711,Morea Iris Lily,19.99,,,,,,,,,,,,,,,PENDING
6 (HIGH),712,Nandina Domestica,19.99,,,,,,,,,,,,,,,PENDING
6 (HIGH),713,Nandina Nana,19.99,,,,,,,,,,,,,,,PENDING
6 (HIGH),714,Natal Plum,19.99,,,,,,,,,,,,,,,PENDING
6 (HIGH),715,Oleander,19.99,,,,,,,,,,,,,,,PENDING
6 (HIGH),716,Orange Bell,19.99,,,,,,,,,,,,,,,PENDING
6 (HIGH),717,Paddle Cactus,19.99,,,,,,,,,,,,,,,PENDING
6 (HIGH),718,Parrots Beak,19.99,,,,,,,,,,,,,,,PENDING
6 (HIGH),719,Pink Lady,19.99,,,,,,,,,,,,,,,PENDING
6 (HIGH),720,Pittosporum,19.99,,,,,,,,,,,,,,,PENDING
6 (HIGH),721,Pittosporum Dwarf,19.99,,,,,,,,,,,,,,,PENDING
6 (HIGH),722,Plumbego,19.99,,,,,,,,,,,,,,,PENDING
6 (HIGH),723,Pyrocanthis,19.99,,,,,,,,,,,,,,,PENDING
6 (HIGH),724,Red Flax,19.99,,,,,,,,,,,,,,,PENDING
6 (HIGH),725,Red Yucca,19.99,,,,,,,,,,,,,,,PENDING
6 (HIGH),726,Red Fountain Grass,19.99,,,,,,,,,,,,,,,PENDING
6 (HIGH),727,Red Hot Pocker,19.99,,,,,,,,,,,,,,,PENDING
6 (HIGH),728,Red Tip Photenia,19.99,,,,,,,,,,,,,,,PENDING
6 (HIGH),729,Ruella,19.99,,,,,,,,,,,,,,,PENDING
6 (HIGH),730,Russian Sage,19.99,,,,,,,,,,,,,,,PENDING
6 (HIGH),731,Salvia,19.99,,,,,,,,,,,,,,,PENDING
6 (HIGH),732,Salvia Gregii,19.99,,,,,,,,,,,,,,,PENDING
6 (HIGH),733,Santan Barbara Daisy,19.99,,,,,,,,,,,,,,,PENDING
6 (HIGH),734,Scoop of Soil,74.99,,,,,,,,,,,,,,,PENDING
6 (HIGH),735,Sea Pink Armeria,4.99,,,,,,,,,,,,,,,PENDING
6 (HIGH),736,Silver Carpet,19.99,,,,,,,,,,,,,,,PENDING
6 (HIGH),737,Hibiscus,24.99,,,,,,,,,,,,,,,PENDING
6 (HIGH),738,Soil 4/20,16.99,,,,,,,,,,,,,,,PENDING
6 (HIGH),739,Soil Booster,12.99,,,,,,,,,,,,,,,PENDING
6 (HIGH),740,Soil Cali Blend,12.99,,,,,,,,,,,,,,,PENDING
6 (HIGH),741,Spanish Lavender,19.99,,,,,,,,,,,,,,,PENDING
6 (HIGH),742,Statice,19.99,,,,,,,,,,,,,,,PENDING
6 (HIGH),743,Sweet Pea,19.99,,,,,,,,,,,,,,,PENDING
6 (HIGH),744,Teucriam,19.99,,,,,,,,,,,,,,,PENDING
6 (HIGH),745,Texas Ranger,19.99,,,,,,,,,,,,,,,PENDING
6 (HIGH),746,Toyon,19.99,,,,,,,,,,,,,,,PENDING
6 (HIGH),747,Valencia Orange,49.99,,,,,,,,,,,,,,,PENDING
6 (HIGH),748,Variegated Pink Lemon,49.99,,,,,,,,,,,,,,,PENDING
6 (HIGH),749,Vitex,19.99,,,,,,,,,,,,,,,PENDING
6 (HIGH),750,Washington Navel Orange,49.99,,,,,,,,,,,,,,,PENDING
6 (HIGH),751,Wisteria Vine,19.99,,,,,,,,,,,,,,,PENDING
6 (HIGH),752,Westrengia,19.99,,,,,,,,,,,,,,,PENDING
6 (HIGH),753,Xylosma,19.99,,,,,,,,,,,,,,,PENDING
6 (HIGH),754,Yarrow,19.99,,,,,,,,,,,,,,,PENDING
6 (HIGH),755,Yellow Bell,19.99,,,,,,,,,,,,,,,PENDING
6 (HIGH),756,milkweed,7.99,,,,,,,,,,,,,,,PENDING
6 (HIGH),757,Milk Weed,7.99,,,,,,,,,,,,,,,PENDING
6 (HIGH),758,Milkweed,7.99,,,,,,,,,,,,,,,PENDING
6 (HIGH),759,juncus,4.99,,,,,,,,,,,,,,,PENDING
6 (HIGH),760,Climbing Rose,19.99,,,,,,,,,,,,,,,PENDING
6 (HIGH),761,24in empty,24.0,,,,,,,,,,,,,,,PENDING
6 (HIGH),762,Canary Island Palm,75.0,,,,,,,,,,,,,,,PENDING
6 (HIGH),763,Grass Seed,175.0,,,,,,,,,,,,,,,PENDING
6 (HIGH),764,fruit,100.0,,,,,,,,,,,,,,,PENDING
6 (HIGH),765,Fern,24.99,,,,,,,,,,,,,,,PENDING
6 (HIGH),766,Palos Verde,75.0,,,,,,,,,,,,,,,PENDING
6 (HIGH),767,Agave,75.0,,,,,,,,,,,,,,,PENDING
6 (HIGH),768,"empty 36"" box",65.0,,,,,,,,,,,,,,,PENDING
6 (HIGH),769,barrel cactus,19.99,,,,,,,,,,,,,,,PENDING
6 (HIGH),770,Sea Lavender,19.99,,,,,,,,,,,,,,,PENDING
6 (HIGH),771,collard green,25.0,,,,,,,,,,,,,,,PENDING
6 (HIGH),772,hibiscus,19.99,,,,,,,,,,,,,,,PENDING
6 (HIGH),773,Palo verde,79.99,,,,,,,,,,,,,,,PENDING
6 (HIGH),774,lemon,120.0,,,,,,,,,,,,,,,PENDING
6 (HIGH),775,Custom Item,49.99,,,,,,,,,,,,,,,PENDING
6 (HIGH),776,Howard McMinn 1 Gal,4.99,,,,,,,,,,,,,,,PENDING
6 (HIGH),777,Howard McMinn 5gal,19.99,,,,,,,,,,,,,,,PENDING
6 (HIGH),778,Emerald Carpet 1gal,4.99,,,,,,,,,,,,,,,PENDING
6 (HIGH),779,California Fuscue 1gal,4.99,,,,,,,,,,,,,,,PENDING
6 (HIGH),780,Desert. Mallow 5gal,19.99,,,,,,,,,,,,,,,PENDING
6 (HIGH),781,Desert Mallow 5 Gal,19.99,,,,,,,,,,,,,,,PENDING
6 (HIGH),782,barrel cactus,24.99,,,,,,,,,,,,,,,PENDING
6 (HIGH),783,bougainvillea,9.99,,,,,,,,,,,,,,,PENDING
6 (HIGH),784,ficus,75.0,,,,,,,,,,,,,,,PENDING
6 (HIGH),785,agave blue glow,29.99,,,,,,,,,,,,,,,PENDING
6 (HIGH),786,wheeleri,19.99,,,,,,,,,,,,,,,PENDING
6 (HIGH),787,Bismark Palm. 20 Gal,199.99,,,,,,,,,,,,,,,PENDING
6 (HIGH),788,Mexican Fan Palm,199.99,,,,,,,,,,,,,,,PENDING
6 (HIGH),789,Sego Palm,99.99,,,,,,,,,,,,,,,PENDING
6 (HIGH),790,Bougainville,125.0,,,,,,,,,,,,,,,PENDING
6 (HIGH),791,camphor,59.99,,,,,,,,,,,,,,,PENDING
6 (HIGH),792,Dog Coolar Singal,5.0,,,,,,,,,,,,,,,PENDING
6 (HIGH),793,Dog Collar 3 Pack,10.0,,,,,,,,,,,,,,,PENDING
6 (HIGH),794,Dog Crate,15.0,,,,,,,,,,,,,,,PENDING
6 (HIGH),795,Dog Bed,15.0,,,,,,,,,,,,,,,PENDING
6 (HIGH),796,rubber tree,49.99,,,,,,,,,,,,,,,PENDING
6 (HIGH),797,agave victoria,24.99,,,,,,,,,,,,,,,PENDING
6 (HIGH),798,Agave Desmettiana,24.99,,,,,,,,,,,,,,,PENDING
6 (HIGH),799,Little Ollie,19.99,,,,,,,,,,,,,,,PENDING
6 (HIGH),800,pygmy,39.99,,,,,,,,,,,,,,,PENDING
6 (HIGH),801,sticks on fire,6.99,,,,,,,,,,,,,,,PENDING
6 (HIGH),802,Italian cypress,59.99,,,,,,,,,,,,,,,PENDING
6 (HIGH),803,Dog Toy,1.0,,,,,,,,,,,,,,,PENDING
6 (HIGH),804,persimmon,79.99,,,,,,,,,,,,,,,PENDING
6 (HIGH),805,Moringa,39.99,,,,,,,,,,,,,,,PENDING
6 (HIGH),806,Papaya,49.99,,,,,,,,,,,,,,,PENDING
6 (HIGH),807,Pink Mulhy,19.99,,,,,,,,,,,,,,,PENDING
6 (HIGH),808,Sundrop,6.99,,,,,,,,,,,,,,,PENDING
6 (HIGH),809,Red Salvia,19.99,,,,,,,,,,,,,,,PENDING
6 (HIGH),810,Salvia 1G,7.99,,,,,,,,,,,,,,,PENDING
6 (HIGH),811,Cana Lily,19.99,,,,,,,,,,,,,,,PENDING
6 (HIGH),812,Terra Cotta Pot,79.99,,,,,,,,,,,,,,,PENDING
6 (HIGH),813,Camphor 36'',450.0,,,,,,,,,,,,,,,PENDING
6 (HIGH),814,purple fountain grass,19.99,,,,,,,,,,,,,,,PENDING
6 (HIGH),815,Podacarpus,125.0,,,,,,,,,,,,,,,PENDING
6 (HIGH),816,Pygmy Palm,79.99,,,,,,,,,,,,,,,PENDING
6 (HIGH),817,bush,8.99,,,,,,,,,,,,,,,PENDING
6 (HIGH),818,Mexican Birds,59.99,,,,,,,,,,,,,,,PENDING
6 (HIGH),819,Bearded Iris,19.99,,,,,,,,,,,,,,,PENDING
6 (HIGH),820,jackaranda,175.0,,,,,,,,,,,,,,,PENDING
6 (HIGH),821,passion flower,49.99,,,,,,,,,,,,,,,PENDING
6 (HIGH),822,Blue Fan Palm,59.99,,,,,,,,,,,,,,,PENDING
6 (HIGH),823,Blue Fan Palm,59.99,,,,,,,,,,,,,,,PENDING
6 (HIGH),824,Hong Kong Orchid,225.0,,,,,,,,,,,,,,,PENDING
6 (HIGH),825,Ponytail Palm,125.0,,,,,,,,,,,,,,,PENDING
6 (HIGH),826,Medditeranean Fan Palm,175.0,,,,,,,,,,,,,,,PENDING
6 (HIGH),827,Red Banana,59.99,,,,,,,,,,,,,,,PENDING
6 (HIGH),828,Mexican Blue Fan Palm,79.99,,,,,,,,,,,,,,,PENDING
6 (HIGH),829,Cyclamen Flat,72.0,,,,,,,,,,,,,,,PENDING
6 (HIGH),830,Chinese Tallow,225.0,,,,,,,,,,,,,,,PENDING
6 (HIGH),831,Acacia,185.0,,,,,,,,,,,,,,,PENDING
6 (HIGH),832,Mesquite,199.99,,,,,,,,,,,,,,,PENDING
6 (HIGH),833,Rubber Straps,5.99,,,,,,,,,,,,,,,PENDING
6 (HIGH),834,Fire Cracker,19.99,,,,,,,,,,,,,,,PENDING
6 (HIGH),835,Christmas Tree,99.99,,,,,,,,,,,,,,,PENDING
6 (HIGH),836,Ground Cover,24.99,,,,,,,,,,,,,,,PENDING
6 (HIGH),837,Japanese Privet,85.0,,,,,,,,,,,,,,,PENDING
6 (HIGH),838,Bougainville,5.99,,,,,,,,,,,,,,,PENDING
6 (HIGH),839,citrrus,120.0,,,,,,,,,,,,,,,PENDING
6 (HIGH),840,Camellia,24.99,,,,,,,,,,,,,,,PENDING
6 (HIGH),841,bird of Paradise,6.99,,,,,,,,,,,,,,,PENDING
6 (HIGH),842,shipping and handling,175.0,,,,,,,,,,,,,,,PENDING
6 (HIGH),843,macadamia,120.0,,,,,,,,,,,,,,,PENDING
6 (HIGH),844,Nandina Fire Power,24.99,,,,,,,,,,,,,,,PENDING
6 (HIGH),845,Shipping,125.0,,,,,,,,,,,,,,,PENDING
6 (HIGH),846,masquites,150.0,,,,,,,,,,,,,,,PENDING
6 (HIGH),847,Little Ollie,4.99,,,,,,,,,,,,,,,PENDING
6 (HIGH),848,Elderica Pine,175.0,,,,,,,,,,,,,,,PENDING
6 (HIGH),849,Shoe string acacia,199.99,,,,,,,,,,,,,,,PENDING
6 (HIGH),850,Blue Palo Varde,199.99,,,,,,,,,,,,,,,PENDING
6 (HIGH),851,Desert Spoon,24.99,,,,,,,,,,,,,,,PENDING
6 (HIGH),852,penstemon,6.99,,,,,,,,,,,,,,,PENDING
6 (HIGH),853,Climbing Rose,40.0,,,,,,,,,,,,,,,PENDING
6 (HIGH),854,Succulent,9.99,,,,,,,,,,,,,,,PENDING
6 (HIGH),855,Coyote Bush,19.99,,,,,,,,,,,,,,,PENDING
6 (HIGH),856,snake plant,24.99,,,,,,,,,,,,,,,PENDING
6 (HIGH),857,elephant ear,79.99,,,,,,,,,,,,,,,PENDING
6 (HIGH),858,Hollywood Juniper,75.0,,,,,,,,,,,,,,,PENDING
6 (HIGH),859,Gardenia,24.99,,,,,,,,,,,,,,,PENDING
6 (HIGH),860,bamboo,74.99,,,,,,,,,,,,,,,PENDING
6 (HIGH),861,fruitless Olive,500.0,,,,,,,,,,,,,,,PENDING
6 (HIGH),862,36 and soil,125.0,,,,,,,,,,,,,,,PENDING
6 (HIGH),863,Climbing Rose,24.99,,,,,,,,,,,,,,,PENDING
6 (HIGH),864,Purple Leaf Plum,59.99,,,,,,,,,,,,,,,PENDING
6 (HIGH),865,Pink Jasmine,25.99,,,,,,,,,,,,,,,PENDING
6 (HIGH),866,5 Gallon Natives,19.99,,,,,,,,,,,,,,,PENDING
6 (HIGH),867,Lions Tale,19.99,,,,,,,,,,,,,,,PENDING
6 (HIGH),868,Cyclamen,6.99,,,,,,,,,,,,,,,PENDING
6 (HIGH),869,Pine,59.99,,,,,,,,,,,,,,,PENDING
6 (HIGH),870,Avocado Fruit,1.25,,,,,,,,,,,,,,,PENDING
6 (HIGH),871,Jumbo Queen,79.99,,,,,,,,,,,,,,,PENDING
6 (HIGH),872,Wisteria,39.99,,,,,,,,,,,,,,,PENDING
6 (HIGH),873,Xylosma,49.99,,,,,,,,,,,,,,,PENDING
6 (HIGH),874,Oleander,59.99,,,,,,,,,,,,,,,PENDING
6 (HIGH),875,Citrus,0.25,,,,,,,,,,,,,,,PENDING
6 (HIGH),876,Agave,79.99,,,,,,,,,,,,,,,PENDING
6 (HIGH),877,peppers\pines juan high desert nursery,12.5,,,,,,,,,,,,,,,PENDING
6 (HIGH),878,wisteria,49.99,,,,,,,,,,,,,,,PENDING
6 (HIGH),879,"Carrotwood 36""",499.99,,,,,,,,,,,,,,,PENDING
6 (HIGH),880,Sweet Acasia,275.0,,,,,,,,,,,,,,,PENDING
6 (HIGH),881,Strawberry Tree,225.0,,,,,,,,,,,,,,,PENDING
6 (HIGH),882,Raywood Ash,199.99,,,,,,,,,,,,,,,PENDING
6 (HIGH),883,Jacaranda,199.99,,,,,,,,,,,,,,,PENDING
6 (HIGH),884,London Plane,199.99,,,,,,,,,,,,,,,PENDING
6 (HIGH),885,Live Oak,499.99,,,,,,,,,,,,,,,PENDING
6 (HIGH),886,Holly Oak,199.99,,,,,,,,,,,,,,,PENDING
6 (HIGH),887,Water Gum,299.99,,,,,,,,,,,,,,,PENDING
6 (HIGH),888,citrus,120.0,,,,,,,,,,,,,,,PENDING
6 (HIGH),889,Bird of Paradise,75.0,,,,,,,,,,,,,,,PENDING
6 (HIGH),890,Milkweed,9.99,,,,,,,,,,,,,,,PENDING
